Code,Name,Stock,Origin,Gender,Type,Size,Pairs per Bag,Price,Original Price,Total Discount,Color,Gender,Pairs per Bag,Pairs per Box,Supplier
10102,IQ Kwin,3,India,M,Kwin,"39-43(39,40,41)",6,37000,,,,,,,
10118,IQ Kwin,2,India,M,Kwin,"39-43(39,41)",6,37000,,,,,,,
805A09,IQ Kwin,1,India,M,Kwin,39-43(40),6,37000,,,,,,,
806A52,IQ Kwin,4,India,M,Kwin,"39-43(39,40x2,41)",6,37000,,,,,,,
806A57,IQ Kwin,1,India,M,Kwin,39-43(40),6,37000,,,,,,,
806B36,IQ Kwin,2,India,M,Kwin,"39-43(39,41)",6,37000,,,,,,,
806B55,IQ Kwin,2,India,M,Kwin,"39-43(39,40)",6,37000,,,,,,,
90969,IQ Kwin,2,India,M,Kwin,"39-43(40,41)",6,37000,,,,,,,
909S33,IQ Kwin,5,India,M,Kwin,"39-43(39x3,41x2)",6,37000,,,,,,,
909S54,IQ Kwin,1,India,M,Kwin,39-43(39),6,37000,,,,,,,
C1306,IQ Kwin,4,India,M,Kwin,"39-43(39,40,41x2,42)",6,37000,,,,,,,
C2051,Govy Kwin,5,India,M,Kwin,"39-43(39x2,40,41x2)",6,37000,,,,,,,
C2357,Govy Kwin,5,India,M,Kwin,"39-43(39x2,40x2,43)",6,37000,,,,,,,
C2357,Govy Kwin,6,India,M,Kwin,"39-43(41x4,42x2)",6,37000,,,,,,,
C2384,Govy Kwin,6,India,M,Kwin,"39-43(39x3,40x2,41)",6,37000,,,,,,,
CF0102,IQ Kwin,4,India,M,Kwin,"39-43(39x3,40)",6,37000,,,,,,,
CF0104,IQ Kwin,13,India,M,Kwin,"39-43(39x5,40x3,41x4,42)",6,37000,,,,,,,
CF0105,IQ Kwin,4,India,M,Kwin,"39-43(39,40,41x2)",6,37000,,,,,,,
F51392,Govy Kwin,2,India,M,Kwin,"39-43(40,41)",6,37000,,,,,,,
F58629,Govy Kwin,2,India,M,Kwin,"39-43(39,40)",6,37000,,,,,,,
F58630,Govy Kwin,3,India,M,Kwin,"39-43(39,40,41)",6,37000,,,,,,,
F58635,Govy Kwin,3,India,M,Kwin,"39-43(39,40,41)",6,37000,,,,,,,
F58642,Govy Kwin,4,India,M,Kwin,"39-43(39,41x2,42)",6,31000,,,,,,,
F58645,Govy Kwin,4,India,M,Kwin,"39-43(39,40,42x2)",6,37000,,,,,,,
F58660,Govy Kwin,3,India,M,Kwin,"39-43(39,40,42)",6,37000,,,,,,,
F58664,Govy Kwin,3,India,M,Kwin,"39-43(40,41,42)",6,37000,,,,,,,
F58774,Govy Kwin,3,India,M,Kwin,"39-43(41x2,41)",6,37000,,,,,,,
N06,IQ Kwin,3,India,M,Kwin,"39-43(39,40,41)",6,37000,,,,,,,
T6801,IQ Kwin,2,India,M,Kwin,39-43(39x2),6,37000,,,,,,,
T6829,IQ Kwin,7,India,M,Kwin,"39-43(39x2,40x2,41x3)",6,37000,,,,,,,
T6830,IQ Kwin,8,India,M,Kwin,"39-43(39,40x3,41x4,42)",6,37000,,,,,,,
TX6814,IQ Kwin,2,India,M,Kwin,"39-43(39,40)",6,37000,,,,,,,
V403,Romeo,2,India,M,Kwin,(6x2),6,18000,,,,,,,
V8344,Govy Kwin,3,India,M,Kwin,"39-43(39x2,40)",6,37000,,,,,,,
Y5036,Govy Kwin,7,India,M,Kwin,"39-43(39x2,40,41x4)",6,37000,,,,,,,
9145,Govy Nyat,2,India,M,Nyat,"39-43(39,40)",6,37000,,,,,,,
9195,IQ Nyat,8,India,M,Nyat,"39-43(39x3,40x2,41x2,42x1)",6,37000,,,,,,,
10108,IQ Nyat,0,India,M,Nyat,39-43,6,37000,,,,,,,
806B49,IQ Nyat,1,India,M,Nyat,39-43(39),6,37000,,,,,,,
80882,IQ Nyat,4,India,M,Nyat,"39-43(39,40,41x2)",6,37000,,,,,,,
901194,IQ Nyat,15,India,M,Nyat,"39-43(39x3,40x2,41x6,42x3,43)",6,37000,,,,,,,
90274,IQ Nyat,6,India,M,Nyat,"39-43(39x2,40x2,41x2)",6,37000,,,,,,,
CF0119,IQ Nyat,1,India,M,Nyat,39-43(39),6,37000,,,,,,,
CF0129,IQ Nyat,12,India,M,Nyat,"39-43(39x2,40x4,41x4,42x2)",6,37000,,,,,,,
CF0158,Govy Nyat,1,India,M,Nyat,39-43(39),6,37000,,,,,,,
J01219,Govy Nyat,2,India,M,Nyat,"39-43(39,40)",6,37000,,,,,,,
N01214,Govy Nyat,7,India,M,Nyat,"39-43(39x2,40x2,41x2,42)",6,37000,,,,,,,
P1112,Govy Nyat,0,India,M,Nyat,39-43,6,37000,,,,,,,
X01609,Govy Nyat,2,India,M,Nyat,"39-43(39,40)",6,37000,,,,,,,
X01624,Govy Nyat,2,India,M,Nyat,"39-43(39,40)",6,37000,,,,,,,
X9024,Govy Nyat,3,India,M,Nyat,"39-43(40,41,42)",6,37000,,,,,,,
379,Lily Kwin,1,Thai,F,Daut Kwin,35-40(35),6,39500,,,,,,,
6002,Lolla,7,,F,Daut,"36-40(36x2,37x2,38x2,39)",5,21000,,,,,,,
6006,Lolla,2,,F,Daut,"36-40(37,39)",5,25000,,,,,,,
9070,Lolla,3,,F,Daut,"36-40(36,37)",5,25000,,,,,,,
5108-72,Everbest,3,,F,Daut,"35-40(35,36,37)",6,37000,,,,,,,
7358-65,Lily CNyat,4,,F,Daut,"41-43(41x2,42,43)",6,41000,,,,,,,
AM002,AM Nyat,4,,F,Daut,"35-40(35,36,37,38)",6,33000,,,,,,,
AM2041,AM Nyat,7,,F,Daut,"35-40(35x2,36x2,37x2,39)",6,33000,,,,,,,
AM206,AM Nyat,5,,F,Daut,"35-40(35,36,37,38,39)",6,32000,,,,,,,
AM2351,AM Nyat,5,,F,Daut,"35-40(35,36,37,38,39)",6,32000,,,,,,,
BL205,Biglock,1,,F,Daut,35-40(35),6,27000,,,,,,,
BL225,Biglock,4,,F,Daut,"35-40(35,37,38,40)",6,27000,,,,,,,
BY,Berry Nyat,3,,F,Daut,"35-40(35,36,37)",6,32000,,,,,,,
BY189,Berry Nyat,3,,F,Daut,"35-40(35,36,38)",6,32000,,,,,,,
BY229,Berry Kwin,3,,F,Daut,"35-40(35,36,37)",6,32000,,,,,,,
D,Qsweet,6,,F,Daut,"36-41(36,37,38,39,40,41)",6,20000,,,,,,,
D15,Qsweet,5,,F,Daut,"36-41(36,37,39,41)",6,28000,,,,,,,
DK042,Dotika,4,,F,Daut,"35-40(35,37,38,39)",6,32000,,,,,,,
Goody,Goody,1,,F,Daut,35-40(35),6,20000,,,,,,,
Marco Daut Pu,Marco Daut Pu,1,,F,Daut,36-40(37),5,16000,,,,,,,
MD9101,Lily Nyat,4,,F,Daut,"36-41(36,37,38,39)",6,42000,,,,,,,
MD9624,Lily Nyat,2,,F,Daut,"36-40(36,37)",6,39500,,,,,,,
MMI11,Mascot CNyat,1,,F,Daut,36-40(38),6,33000,,,,,,,
MM007,Mascot Kwin,5,,F,Daut,"35-39(35x2,36,37,38)",6,38000,,,,,,,
MM1081,Mascot Nyat Par,1,,F,Nyat,35-40(36),6,33500,,,,,,,
MM1083,Mascot Nyat Par,1,,F,Nyat,36-40(36),6,35000,,,,,,,
MM1450,Mascot Nyat,1,,F,Daut,36-41(38),6,32000,,,,,,,
MM1459,Mascot Nyat Par,3,,F,Nyat,"36-41(39,40x2)",6,32000,,,,,,,
MM1464,Mascot Nyat,3,,F,Daut ,"36-41(37x2,38)",6,33000,,,,,,,
MM1479,Mascot CKwin,3,,F,Daut ,"36-40(36,37,38)",6,35000,,,,,,,
MM2503,Mascot Kwin,5,,F,Daut ,"36-40(36,37x4,38)",6,35000,,,,,,,
MM2603,Mascot Nyat,7,,F,Daut,"36-40(36,37,39x2,40x3)",6,32000,,,,,,,
MM2612,Mascot Nyat,1,,F,Daut,36-41(37),6,33000,,,,,,,
MM2614,Mascot Nyat,2,,F,Daut,"36-40(36,37,38)",6,34000,,,,,,,
MM2615,Mascot Nyat Par,2,,F,Nyat,"36-41(36,37)",6,34000,,,,,,,
MM2902,Mascot Nyat,2,,F,Nyat,"36-41(36,37)",6,33000,,,,,,,
MM2903,Mascot Nyat,0,,F,Nyat,36-41(37),6,36000,,,,,,,
MM2904,Mascot Nyat,5,,F,Nyat,"36-40(36,37,38,39,40)",6,34000,,,,,,,
MM2907,Mascot CKwin,5,,F,Ckwin,"36-40(36,37,38,39,40)",6,36000,,,,,,,
MM2908,Mascot Nyat,5,,F,,"36-41(36,37,38,39,40)",6,35000,,,,,,,
MM9239,Mascot Nyat,3,,F,,"36-41(36,37x2)",6,33000,,,,,,,
MM9241,Mascot Nyat,5,,F,,"36-41(36,37x2,38,39)",6,34000,,,,,,,
MM9706,Mascot Kwin,9,,F,,"36-41(36x2,37x4,38x2,39)",6,35000,,,,,,,
MM9907,Mascot Nyat Par,2,,F,,36-40(37x2),6,32000,,,,,,,
MM9919,Mascot Kwin,2,,F,,"36-41(36,37)",6,32000,,,,,,,
MM9923,Mascot Nyat Par,1,,F,,36-40(36),6,32000,,,,,,,
MMC30,Mascot Nyat Par,4,,F,,"36-40(36,37,38,39)",6,33000,,,,,,,
MMC32,Mascot CNyat,1,,F,,36-41(36),6,33000,,,,,,,
MMD73,Mascot Nyat,5,,F,,"36-41(36,37,38,39,41)",6,35000,,,,,,,
MMF28,Mascot Kwin,3,,F,,"35-40(35,36,37)",6,36000,,,,,,,
MMF43,Mascot Kwin,5,,F,,"35-40(35,36,37,38,39)",6,37000,,,,,,,
MMH13,Mascot Nyat,3,,F,,"36-40(36,37,38)",6,33000,,,,,,,
MMI08,Mascot CKwin,2,,F,,"35-40(35,36)",6,34000,,,,,,,
MMI12,Mascot Nyat,5,,F,,"35-40(35,36,37,38,39)",6,34000,,,,,,,
MMJ16,Mascot CKwin,4,,F,,"36-41(36,37,38,39)",6,34000,,,,,,,
MMK11,Mascot Kwin,2,,F,,"35-40(35,36)",6,37000,,,,,,,
MMK12,Mascot Kwin,5,,F,,"35-40(35x2,37x2,38)",6,37000,,,,,,,
MM N07,Mascot Kwin,4,,F,,"35-40(35,36,38,39)",6,37000,,,,,,,
NT,Nilin,1,,F,,36-41(37),6,29000,,,,,,,
NT5501,Nilin,3,,F,,"36-41(36,37,38)",6,29000,,,,,,,
NT557,Nilin,1,,F,,36-41(38),6,29500,,,,,,,
P798,Elisa Nyat,3,,F,,"35-40(35,36,37)",6,36000,,,,,,,
PU061,Berry Nyat Par,15,,F,,"35-40(35x4,36x4,37x3,38x2,39,40)",6,26000,,,,,,,
RC04,Rosita Kwin,1,,F,,36-41(36),6,23000,,,,,,,
RC13,Rosita Kwin,2,,F,,"36-41(36,37)",6,23000,,,,,,,
S025,Spiv,7,,F,,"36-41(36x2,37x2,38x2,39)",6,25000,,,,,,,
S026,Spiv,4,,F,,"36-41(36x2,37x2)",6,25000,,,,,,,
S028,Spiv,2,,F,,"36-41(36,37)",6,25000,,,,,,,
SP012,Spiv,2,,F,,"35-40(35,36)",6,28000,,,,,,,
Super Star Heel,Super Star Heel,7,,F,,"36-40(36x2,38x2,39x2)",5,13500,,,,,,,
TM34A,Marina,4,,F,,"36-40(37x2,38x2)",5,30000,,,,,,,
TM35A,Marina,3,,F,,"36-40(37,38x2)",5,30000,,,,,,,
TM43A,Marina,6,,F,,"36-40(36,37x2,38x2,40)",5,30000,,,,,,,
TM52A,Marina,10,,F,,"36-40(36x3,37,38x3,39x3)",5,30000,,,,,,,
TM55A,Marina,4,,F,,"36-40(36,37,38,39)",5,30000,,,,,,,
4278,Marina,2,,F,,35-40,,24000,,,,,,,
3578602,Mascot,1,,F,,36-40(38),,37000,,,,,,,
74904W1,Adda M,14,,F,,"35-40(35x3,36x3,37,39x2,40)",,29000,,,,,,,
A195,Queen Nyat,3,,F,,36-40,,25000,,,,,,,
B208,Best Nyat,5,,F,,"35-40(35,36,37x2,38)",,22000,,,,,,,
B6413,Legend,3,,F,,"35-40(38,39,40)",,24000,,,,,,,
C301,Best Kwin,1,,F,,35-40(37),,18000,,,,,,,
D055,Legend,9,,F,,35-40,,25000,,,,,,,
D155,Apple,4,,F,,35-40,,24000,,,,,,,
D401,Best Kwin,8,,F,,"35-40(35x3,36,37x4)",,18000,,,,,,,
EM4289,Kito KNyat,10,,F,,"40-44(40x4,41x6)",,39500,,,,,,,
KhaingML Kyothay,KhaingML Kyothay,29,,F,,36-40,,24000,,,,,,,
KhaingML Kyopyar,KhaingML Kyopyar,8,,F,,36-40,,24000,,,,,,,
P327,Neat,4,,F,,"36-41(37,38,39,40)",,20000,,,,,,,
SD11,Lolla Par,2,,F,,"36-41(36,38)",,20000,,,,,,,
SMK104,Dosika,7,,F,,35-40,,25000,,,,,,,
D207,Marina,7,,F,,35-40,,24000,,,,,,,
CLO3703,Penne,2,,F,,"35-40(37,38)",,22000,,,,,,,
RCM888942,Tripper,3,,F,,"35-40(36,38x2)",,36000,,,,,,,
RW61636,Tripper,1,,F,,37,,36000,,,,,,,
Mercedes,Mercedes,3,,F,,41-46,,13000,,,,,,,
Zelo,Zelo,5,,F,,46-47,,14000,,,,,,,
Dapper1,Dapper1,10,,M,,40-44,,11000,,,,,,,
Dapper2,Dapper2,11,,M,,40-44,,13000,,,,,,,
Dapper3,Dapper3,1,,M,,45-47(46),,11000,,,,,,,
Dapper4,Dapper4,22,,M,,40-44,,9000,,,,,,,
Dapper5 Ckwin,Dapper5 Ckwin,5,,M,,40-44,,14500,,,,,,,
Dapper6,Dapper6,10,,K,,6_10,,7500,,,,,,,
Dapper7 Ryne,Dapper7 Ryne,7,,K,,35-39,,8000,,,,,,,
Dapper8 Kalay,Dapper8 Kalay,8,,K,,22-26,,7000,,,,,,,
Dapper8 Zaka,Dapper8 Zaka,9,,K,,27-31,,7500,,,,,,,
Diesel,Diesel,3,,K,,1_5,,5500,,,,,,,
Dapper9 Zaka,Dapper9 Zaka,1,,K,,30-34,,5500,,,,,,,
Dapper9 Bata,Dapper9 Bata,2,,K,,35-39,,6500,,,,,,,
Levi Bata,Levi Bata,3,,K,,35-39,,11500,,,,,,,
Harley,Harley,6,,K,,6_10,,11000,,,,,,,
Rider Kyothay,Rider Kyothay,10,,M,,40-44,,13000,,,,,,,
JJ,JJ,14,,M,,40-44,,18000,,,,,,,
668,KML,7,,M,,40-45,,15000,,,,,,,
SM Kyothay,SM Kyothay,15,,M,,40-45,,26000,,,,,,,
SM Kyopyar,SM Kyopyar,12,,M,,40-45,,25000,,,,,,,
Adidas Kyarpot,Adidas Kyarpot,5,,M,,40-45,,8000,,,,,,,
Crazysurf,Crazysurf,11,,M,,39-44,,12000,,,,,,,
Thamin,Thamin,7,,M,,39-44,,12000,,,,,,,
8119,4G Kyar,5,,M,,39-44,,12000,,,,,,,
Walkaroo,Walkaro,3,,M,,5_9,,12500,,,,,,,
9119,9119,9,,M,,40-44,,8000,,,,,,,
Rider Kyopyarnew,Rider Kyopyarnew,6,,M,Nyat,39-44,,14000,,,,,,,
Sinpone Nyat,Sinpone Nyat,4,,M,Nyat,40-44,,10000,,,,,,,
Thai Style,Thai Style,10,,M,Nyat,40-44,,19000,,,,,,,
All Sky,All Sky,2,,M,,40-44,,12000,,,,,,,
Gambol Kyar,Gambol Kyar,12,,M,Nyat,39-44,,7500,,,,,,,
SM Kyothaynew,SM Kyothaynew,7,,M,Nyat,39-45,,27000,,,,,,,
IP Par Pyaung,IP Par Pyaung,49,,F,Nyat,36-40,,11000,,,,,,,
IP Pan,IP Pan,35,,F,Nyat,36-40,,11000,,,,,,,
Ridar Snail,Rider Snail,40,,F,Nyat,36-40,,11000,,,,,,,
IP Htu,IP Htu,20,,F,Nyat,36-40,,14000,,,,,,,
Rider Htu,Rider Htu,14,,F,Nyat,36-40,,14000,,,,,,,
IP 1901,IP Chun,14,,F,Nyat,36-40,,11000,,,,,,,
6238,Luofu 2tan,2,,M,,39-44,,37000,,,,,,,
Rider 2301,Rider Bird,13,,F,Nyat,35-39,,11000,,,,,,,
Msmile,Msmile,19,,F,Nyat,36-40,,28000,,,,,,,
7169,Luofo Kwin,4,,F,Kwin,36-40,,18000,,,,,,,
1786,Luofo Nyat,6,,F,Nyat,36-40,,16000,,,,,,,
8089,Fashion CKwin,4,,F,CKwin,36-40,,13000,,,,,,,
Ryne CNyat,Ryne CNyat,7,,F,Cnyat,5_9,,12000,,,,,,,
Lucky4,Lucky4,8,,F+M,Velvet,8_12,,9500,,,,,,,
KhaingMyae,KhaingMyae,3,,F,Velvet,35-39,,8000,,,,,,,
Dapper10,Dapper10,6,,F,Dapper,35-39,,5500,,,,,,,
Super KyautNyatPar,Super KyautNyatPar,18,,F,Velvet,5_9,,10000,,,,,,,
Super KyautNyatHtu,Super KyautNyatHtu,15,,F,Velvet,5_9,,8500,,,,,,,
Super SanKyitHtu,Super SanKyitHtu,7,,F,Velvet,5_9,,7500,,,,,,,
Dolay A,Dolay A,19,,F,,5_9,,10000,,,,,,,
Dolay MyatMan,Dolay MyatMan,13,,F,,5_9,,12000,,,,,,,
Super Yoya,Super Yoya,5,,F,,5_9,,7500,,,,,,,
Dolay KyautNyat,DolayKyautNyat,5,,F,Nyat,5_9,,7500,,,,,,,
May,May,4,,F,Velvet,5_9,,14000,,,,,,,
Khin,Khin,1,,F,Velvet,5_9,,10000,,,,,,,
Super ThaeKyiDaut,Super ThaeKyiDaut,20,,F,Velvet Htu,5_9,,13000,,,,,,,
Super KwarThoneSint,Super KwarThoneSint,8,,F,Velvet Htu,5_9,,7500,,,,,,,
Shanklit Ma,Shanklit Ma,15,,F,Velvet,5_9,,12000,,,,,,,
Shanpar PoneMan,Shanpar PoneMan,15,,F,Velvet,5_9,,7000,,,,,,,
Shanpar Over Ma,Shanpar Over Ma,5,,F,Velvet,10_13,,7500,,,,,,,
Soul Kyar PoneMan,Soul KyarPoneMan,9,,F,Velvet,7_12,,8500,,,,,,,
Sane Bell,Sane Bell,3,,F+M,Velvet,5_9,,7500,,,,,,,
Sogolite Zaka Htu,Sogolite Zaka Htu,30,,KF,Nyat Htu,5_6,,17500,,,,,,,
Sogolite Ma Par,Sogolite Ma Par,20,,F,Nyat,4_8,,12000,,,,,,,
Sogolite Ma Htu,Sogolite Ma Htu,10,,F,Nyat Htu,4_8,,18000,,,,,,,
AAJ,AAJ,7,,KF,,"0,1_5,31_35",,11500,,,,,,,
Gold Fish Daut Kalay,Gold Fish Daut Kalay,6,,KF,,"0,1_5,31_35",,6500,,,,,,,
Kaung Kin Thit 2line,Kaung Kin Thit 2line,4,,KF,,"0,1_5,31_35",,9000,,,,,,,
Kaung Kin Thit Ckwin,Kaung Kin Thit Ckwin,25,,KF,,"0,1_5,31_35",,9000,,,,,,,
Kaung Kin Thit Moesat,Kaung Kin Thit Moesat,12,,KF,,"0,1_5,31_35",,9000,,,,,,,
KK Star Bata KwinNyat,KK Star Bata KwinNyat,15,,KF,,"0,1_5,31_35",,12000,,,,,,,
KK Star Kwin,KK Star Kwin,15,,KF,,"0,1_5,31_35",,7500,,,,,,,
KK Star KwinNyat,KK Star KwinNyat,9,,KF,,"0,1_5,31_35",,7500,,,,,,,
KK Star Kyopyar,KK Star Kyopyar,5,,KF,,"0,1_5,31_35",,7500,,,,,,,
KK Star Pan,KK Star Pan,23,,KF,,"0,1_5,31_35",,7500,,,,,,,
Model Girl,Model Girl,5,,KF,,"0,1_5,31_35",,6500,,,,,,,
One Daut A,One Daut A,1,,KF,,"0,1_5,31_35",,11000,,,,,,,
One Daut Moesat,One Daut Nyat,12,,KF,,"0,1_5,31_35",,9500,,,,,,,
One Daut Nyat,One Daut Nyat,10,,KF,,"0,1_5,31_35",,9500,,,,,,,
One Daut Phel,One Daut Phel,4,,KF,,"0,1_5,31_35",,9500,,,,,,,
Thit Khwa,Thit Khwa,8,,KF,,"0,1_5,31_35",,6000,,,,,,,
11,Kway  Kwin,10,,K,,30-35,,8500,,,,,,,
60,Meelin Nyat,6,,K,,30-35,,9500,,,,,,,
61,Khone Mel Zaka,6,,K,,30-35,,5000,,,,,,,
77,Luoeu,6,,K,,24-29,,7000,,,,,,,
212,Car Kwin,20,,K,,30-35,,9500,,,,,,,
1730,Nike Yayso,1,,K,,30-35(33),,9500,,,,,,,
228,Wat Win Zaka Nyat,18,,K,,30-35,,4500,,,,,,,
6906 Kalay,Labubu Kalay Nyat,8,,K,,24-29,,19000,,,,,,,
6906 Zaka,Labubu Zaka Nyat,21,,K,,30-35,,19500,,,,,,,
8119,4G Zaka,4,,K,,30-35,,11500,,,,,,,
Adidas Atone,Adidas Atone,4,,K,,24-29,,9500,,,,,,,
Adidas Kalay Kyarpwint,Adidas Kalay Kyarpwint,6,,K,,24-29,,9000,,,,,,,
Adidas Kyar Kyarpwint,Adidas Kyar Kyarpwint,6,,M,,40-45,,12000,,,,,,,
Adidas Kyarkwin,Adidas Kyarkwin,2,,M,,40-45,,9500,,,,,,,
Adidas Zaka Kyarpwint,Adidas Zaka Kyarpwint,6,,K,,30-35,,9500,,,,,,,
Allstar Kalay Shoes,Allstar Kalay Shoes,6,,K,,24-29,,9500,,,,,,,
Allstar Zaka Shoes,Allstar Zaka Shoes,8,,K,,30-35,,9500,,,,,,,
Batman Zaka Nyat,Batman Zaka Nyat,22,,K,,30-35,,13000,,,,,,,
IP Kalay Pan Nyat,IP Kalay Pan Nyat,6,,KF,,24-29,,5500,,,,,,,
Loofu Nyat,Loofu Zaka,4,,K,,30-35,,15000,,,,,,,
Lucky Zaka Kwin,Lucky Zaka Kwin,10,,K,,30-34,,10000,,,,,,,
Nike Airmax Kyarkwin,Nike Airmax Kyarkwin,8,,M,,40-45,,13000,,,,,,,
Nike Yayso,Nike Yayso,3,,M,,40-45,,13000,,,,,,,
Nwar Kwin,Nwar Kwin,2,,K,,30-35(32),,6500,,,,,,,
Phar Kwin Kalay,Phar Kwin Kalay,23,,K,,24-29,,13500,,,,,,,
Phar Kwin Zaka,Phar Kwin Zaka,24,,K,,30-35,,14000,,,,,,,
Sport Kalay,Sport Kalay,5,,K,,24-29,,10500,,,,,,,
Sport Fashion,Sport Fashion,1,,M,,40-45,,13000,,,,,,,
238,Adidas  Kwin,2,,K,,"30-35(31,32)",,9000,,,,,,,
Sport Pyaut Kyar,Sport Pyaut Kyar,4,,K,,24-29,,9000,,,,,,,
Adidas 2line,Adidas 2line,1,,K,,24-29(24),,11000,,,,,,,
Adidas Zaka Kwin,Adidas Zaka Kwin,1,,K,,30-35,,9500,,,,,,,
Nike Zaka Kwin,Nike Zaka Kwin,1,,K,,30-35,,10500,,,,,,,
Venus Htu,Venus Htu,12,,F,,40-44,,16500,,,,,,,
Venus Par,Venus Par,4,,F,,40-44,,12500,,,,,,,
Gold Fish Par Kalay,Gold Fish Par Kalay,5,,KF,,"1_5,6_10,11_15",,6500,,,,,,,
3089,Fashion CKwin,10,,F,,36-40,,13000,,,,,,,
Than Zin,Than Zin,8,,KF,,"1_5,6_1011-15",,8000,,,,,,,
Yin Mar Color,Yin Mar Color,7,,KF,,"1-5,11-15",,6500,,,,,,,
Super Kyaut 2tan Kalay,Super Kyaut 2tan Kalay,5,,KF,,10-Jun,,6500,,,,,,,
KK Star Htu Daut,KK Star Htu Daut,15,,F,,40-45,,15000,,,,,,,
KK Star Par,KK Star Par,5,,F,,40-45,,14000,,,,,,,
Dr Martin Zaka,Dr Martin Zaka,4,,K,,30-34,,27000,,,,,,,
Tripper Daut Kwin,Tripper Daut Kwin,1,,F,,36-40(36),,36000,,,,,,,
Gold Fish Par ,Gold Fish Par ,1,,F,,36-40(36),,12000,,,,,,,
IS1072,In Trend,1,,F,,36-40(36),,23000,,,,,,,
TR052,Legend AC Kwin Zaka,3,,K,,30-35,,9500,,,,,,,
TR073,Legend AC CNyat Zaka,3,,K,,30-35,,9500,,,,,,,
SL8809,Kyar Nyat Fot,3,,M,,39-44,,18000,,,,,,,
NC8089,CNyat,1,,F,,36-40(36+37),,13000,,,,,,,
Soul Kyar Kalay,Soul Kyar Kalay,6,,K,,9-May,,5500,,,,,,,
Baby Jean Kautsot Naykyar,Baby Jean Kautsot Naykyar,3,,K,,"30-35(31,32,33)",,9500,,,,,,,
Gold Fish Leather Par Nyat,Gold Fish Leather Par Nyat,5,,F,,41-45,,6500,,,,,,,
RZ533,Min Min Kwin,5,,F,,36-40,,25000,,,,,,,
AT18237,Sensini CKwin,4,,F,,36-40,,15000,,,,,,,
Fuijing Kyar Kwin,Fuijing Kyar Kwin,13,,M,,40-44,,12000,,,,,,,
Fuijing Zaka Kwin,Fuijing Zaka Kwin,9,,K,,30-34,,9500,,,,,,,
LLJ061,Batman Kalay Kwin,2,,K,,"30-31,34-35",,9500,,,,,,,
AB Walk Kalay Kwin Pyaung,AB Walk Kalay Kwin Kyaung,3,,K,,24-29,,13000,,,,,,,
AB Walk Buckle 2tan Kwin,AB Walk Buckle 2tan Kwin,8,,F,,36-40,,12000,,,,,,,
AB Walk Htate Pate,AB Walk Htate Pate,5,,F,,36-40,,12000,,,,,,,
Y219,Athee Kalay Htate Pate,18,,K,,30-39,,6500,,,,,,,
A058,Watwun Kalay Htate Pate,5,,K,,30-39,,6500,,,,,,,
6638,OK Kalay Kwin,8,,K,,25-29(28),,8500,,,,,,,
KS0134,Penne,3,,F,,36-40,,23000,,,,,,,
V95913,Miss Sui,1,,F,,36-40,,14500,,,,,,,
Mya 3 Lone Kwar Late Pyar,Mya 3 Lone Kwar Late Pyar,4,,F,,9-May,,10500,,,,,,,
999,Orchid Daut Kwar Par 3line,3,,F,,"36-40(36,38,39)",,14000,,,,,,,
Gold Fish  Kwar Par Ckwin Sankyit,Gold Fish Kwar Par Ckwin Sankyit,1,,F,,44,,14000,,,,,,,
Gold Fish Late Pyat Ckwin,Gold Fish Late Pyat Ckwin,4,,F,,36-40,,14000,,,,,,,
Gold Fish Tharafu Ckwin,Gold Fish Tharafu Ckwin,2,,F,,36-40,,14000,,,,,,,
Gold Fish Kyohtone Kwin,Gold Fish Kyohtone  Kwin,1,,F,,36-40,,14000,,,,,,,
762,AR Soft Kyar Nyat,3,,M,,10-May,,23000,,,,,,,
S13,Aerostar Kyar Ckwin,3,,M,,10-May,,23000,,,,,,,
S07,Aerostar Kyar Ckwin,3,,M,,10-May,,23000,,,,,,,
S06,Aerostar Kyar Ckwin,1,,M,,10-May,,23000,,,,,,,
S61,Aerostar Kyar Ckwin,1,,M,,10-May,,23000,,,,,,,
S59,Aerostar Kyar Ckwin,2,,M,,10-May,,23000,,,,,,,
S101,Aerostar Kyar Ckwin,6,,M,,10-May,,23000,,,,,,,
V83,AerostarKyar Nyat,1,,M,,10-May,,23000,,,,,,,
729,AR Soft Kyar Nyat,1,,M,,10-May,,23000,,,,,,,
797,AR Soft Kyar Nyat,3,,M,,10-May,,23000,,,,,,,
S01,Aerostar Kyar Kwin,5,,M,,10-May,,23000,,,,,,,
S22,Aerostar Kyar Kwin,1,,M,,10-May,,23000,,,,,,,
S02,Aerostar Kyar Kwin,2,,M,,10-May,,23000,,,,,,,
Aero21,Unisoft Kyar Kwin,0,,M,,40-44(40),,23000,,,,,,,
723,AR Soft Kyar Nyat,0,,M,,10-May,,23000,,,,,,,
792,AR Soft Kyar Nyat,0,,M,,10-May,,23000,,,,,,,
764,AR Soft Kyar Nyat,0,,M,,10-May,,23000,,,,,,,
S16,Qsweet,4,,F,,36-40,,20000,,,,,,,
Super Star Par San Kyit Par,Super Star Par San Kyit Par,1,,F,,5_9,,7500,,,,,,,
Super Star CKwin Kyaut,Super Star CKwin Kyaut,1,,F,,5_9,,7500,,,,,,,
Gold Shine Kwin Kyaut,Gold Shine Kwin Kyaut,4,,F,,36-40,,16000,,,,,,,
Lion Nyat,Lion Nyat,4,,F,,36-40,,15000,,,,,,,
PNY Pan Phyu,PNY Pan Phyu,10,,F,,41-45,,8000,,,,,,,
PNY Pan Color,PNY Pan Color,10,,F,,41-45,,8000,,,,,,,
MP996,Fila Nyat,6,,F,,36-40,,13500,,,,,,,
5610,Dr Mardini,7,,M,,39-44,,48000,,,,,,,
886A4,Martine,6,,M,,39-44,,48000,,,,,,,
Speed Car,Speed Car,5,,F+M,,S-LL,,8500,,,,,,,
Top One Zaka,Top One Zaka,53,,K,,5-8.5,,4500,,,,,,,
PPP,PPP,40,,F+M,,9-10.5,,3500,,,,,,,
Sin Yine Zaka,Sin Yine Zaka,17,,K,,7-8.5,,6500,,,,,,,
Mi Star,Mi Star,12,,F+M,,7-8.5,,3500,,,,,,,
Top One Zaka Bu,Top One Zaka Bu,13,,K,,7-8.5,,4500,,,,,,,
Pyaung Phuu Zaka,Pyaung Phuu Zaka,10,,K,,7-8.5,,4500,,,,,,,
Kyar Phyu Zaka,Kyar Phyu Zaka,24,,K,,7-8.5,,4500,,,,,,,
New Star Ma,New Star Ma,12,,F,,35-39,,3500,,,,,,,
Sisco Ma,Sisco Ma,12,,F,,35-39,,4500,,,,,,,
PPP Kalay Zaka,PPP Kalay Zaka,13,,K,,5-8.5,,4500,,,,,,,
Myin Yine Kalay,Myin Yine Kalay,6,,K,,5-6.5,,4500,,,,,,,
Horse Daut,Horse Daut,1,,F,,36-40,,15000,,,,,,,
Marco Phan Daut,Marco Phan Daut,5,,F,,36-40,,15000,,,,,,,
Kyar Pan 9,Kyar Pan 9,51,,F+M,Kyan Mar Yay,9,,15000,,,,,,,
Kyar Pan 9.5,Kyar Pan9.5,7,,F+M,Kyan Mar Yay,9.5,,15000,,,,,,,
Kyar Pan 10,Kyar Pan 10,38,,F+M,Kyan Mar Yay,10,,15000,,,,,,,
Kyar Pan 10.5,Kyar Pan 10.5,17,,F+M,Kyan Mar Yay,10.5,,15000,,,,,,,
Kyar Pan 11,Kyar Pan 11,29,,F+M,Kyan Mar Yay,11,,15000,,,,,,,
Myin Kyel 9,Myin Kyel 9,9,,F+M,Kyan Mar Yay,9,,13500,,,,,,,
Myin Kyel 9.5,Myin Kyel 9.5,20,,F+M,Kyan Mar Yay,9.5,,13500,,,,,,,
Myin Kyel 10,Myin Kyel 10,9,,F+M,Kyan Mar Yay,10,,13500,,,,,,,
Myin Kyel 10.5,Myin Kyel 10.5,12,,F+M,Kyan Mar Yay,10.5,,13500,,,,,,,
Myin Kyel 11,Myin Kyel 11,10,,F+M,Kyan Mar Yay,11,,13500,,,,,,,
Kyar Phyu,Kyar Phyu,114,,F+M,Kyan Mar Yay,11-Sep,,8000,,,,,,,
Late Kyel,Late Kyel,17,,F+M,Kyan Mar Yay,11-Sep,,13500,,,,,,,
Myin Yine ,Myin Yine,31,,F+M,Kyan Mar Yay,11-Sep,,13500,,,,,,,
Sin Kyel,Sin Kyel,33,,F+M,Kyan Mar Yay,11-Sep,,22000,,,,,,,
Mi Kyaung Kyel,Mi Kyaung Kyel,1,,F+M,Kyan Mar Yay,9-11(9),,,,,,,,,
88910,Martine Bu,4,,M,,39-44,,38000,,,,,,,
Shoe Mel Discount,Shoe Mel Discount,3,,M,Shoe,39-44,,15000,,,,,,,
Shoe Mel Leather Shay,Shoe Mel Leather Shay,4,,M,Shoe,39-44,,15000,,,,,,,
Wat Win 2tan Kwin,Wat Win 2tan Kwin,4,,F,Kwin,36-40,,8500,,,,,,,
Gold Shine Kwin Pyaung,Gold Shine Kwin Pyaung,4,,F,Daut,36-40,,15500,,,,,,,
Mar Ra Than Daut,Mar Ra Than Daut,4,,F,Daut,36-40,,15000,,,,,,,
AB Slide Kwin,AB Slide Kwin,5,,K,Kwin,30-34,,13000,,,,,,,
Marco Htate Pate,Marco Htate Pate,4,,K,Htate Pate,24-29,,6500,,,,,,,
AB Wat Win Kwin,AB Wat Win Kwin,2,,K,Kwin,24-29,,9500,,,,,,,
2808,Air Htate Pate,3,,K,Htate Pate,24-29,,9500,,,,,,,
99,Sat Kyar Htate Pate,1,,K,Htate Pate,24-29,,9500,,,,,,,
AB Labubu Kwin,AB Labubu Kwin,2,,K,Kwin,24-29,,9500,,,,,,,
1680,Wat Win Kwin,1,,K,Kwin,24-29,,9500,,,,,,,
AB Atont Kwin,AB Atont Kwin,1,,K,Kwin,24-29,,9500,,,,,,,
Yone Wat Win Kwin,Yone Wat Win Kwin,1,,K,Kwin,24-29,,8500,,,,,,,
F05,Frontier Phan Daut,2,,F,Daut,"35-40(39,40)",,28000,,,,,,,
AM248,AM Kwin,1,,F,,35-40(35),,28000,,,,,,,
